{
    "Resnet50": {
        "Highest Val Acc": 0.9998389953308646,
        "Test Acc": 0.7842132599632213,
        "Test ROC-AUC": 0.878804302911399,
        "Test EER (%)": 0.8973487423521415,
        "Training Time (s)": 1208.9886338710785
    },
    "VIT": {
        "Highest Val Acc": 0.9954,
        "Test Acc": 0.9167,
        "Test ROC-AUC": 0.9689,
        "Test EER (%)": 8.32,
        "Training Time (s)": 102.22
    },
    "DEIT_Soft": {
        "Highest Val Acc": 0.9960553856061826,
        "Test Acc": 0.892471608854949,
        "Test ROC-AUC": 0.9535191807481721,
        "Test EER (%)": 10.754588715159755,
        "Training Time (s)": 1951.282906293869
    },
    "DEIT_Hard": {
        "Highest Val Acc": 0.9962,
        "Test Acc": 0.9004,
        "Test ROC-AUC": 0.9548233549488583,
        "Test EER (%)": 9.97,
        "Training Time (s)": 77.94
    },
    "Resnet18": {
        "Highest Val Acc": 0.9998,
        "Test Acc": 0.9234,
        "Test ROC-AUC": 0.9825,
        "Test EER (%)": 7.65,
        "Training Time (s)": 2366.44
    },
    "SwinTransformer": {
        "Highest Val Acc": 0.9964981484463049,
        "Test Acc": 0.10324690820781336,
        "Test ROC-AUC": 0.5252414094724401,
        "Test EER (%)": 0.04078857919782461,
        "Training Time (s)": 509.5519971847534
    },
    "CNNTRANSFORMER": {
        "Highest Val Acc": 0.9998,
        "Test Acc": 0.9211,
        "Test ROC-AUC": 0.98,
        "Test EER (%)": 7.89,
        "Training Time (s)": 591.11
    }
}