{
    "Resnet18": {
        "Highest Val Acc": 0.9998389953308646,
        "Test Acc": 0.9233825118969075,
        "Test ROC-AUC": 0.9824876512739296,
        "Test EER (%)": 7.654656696125086,
        "Training Time (s)": 2366.435966491699
    },
    "Resnet50": {
        "Highest Val Acc": 0.9998792464981484,
        "Test Acc": 0.9000940522481294,
        "Test ROC-AUC": 0.9689145867622049,
        "Test EER (%)": 9.993201903467028,
        "Training Time (s)": 5294.228323936462
    },
    "SwinTransformer": {
        "Highest Val Acc": 0.9965383996135888,
        "Test Acc": 0.9285062537726182,
        "Test ROC-AUC": 0.97670709938921,
        "Test EER (%)": 7.138001359619306,
        "Training Time (s)": 4855.193066835403
    },
    "CNNTRANSFORMER": {
        "Highest Val Acc": 0.9995572371598777,
        "Test Acc": 0.9058,
        "Test ROC-AUC": 0.9709,
        "Test EER (%)": 9.42,
        "Training Time (s)": 2853.02
    },
    "VIT": {
        "Highest Val Acc": 0.9953711157623572,
        "Test Acc": 0.8932,
        "Test ROC-AUC": 0.9562,
        "Test EER (%)": 10.69,
        "Training Time (s)": 2012.81
    },
    "DEIT_Soft": {
        "Highest Val Acc": 0.9960553856061826,
        "Test Acc": 0.8881,
        "Test ROC-AUC": 0.9504,
        "Test EER (%)": 11.19,
        "Training Time (s)": 1995.85
    },
    "DEIT_Hard": {
        "Highest Val Acc": 0.9962,
        "Test Acc": 0.8884,
        "Test ROC-AUC": 0.9496,
        "Test EER (%)": 11.16,
        "Training Time (s)": 2001.77
    }
}