{
    "SwinTransformer": {
        "Highest Val Acc": 0.9961761391080342,
        "Test Acc": 0.929727529233404,
        "Test ROC-AUC": 0.9737959844428495,
        "Test EER (%)": 7.029231815091775,
        "Training Time (s)": 1399.930732011795
    },
    "Resnet18": {
        "Highest Val Acc": 0.998913218483336,
        "Test Acc": 0.9189887277678734,
        "Test ROC-AUC": 0.9771698567023569,
        "Test EER (%)": 8.103331067301156,
        "Training Time (s)": 332.13487243652344
    },
    "CNNTRANSFORMER": {
        "Highest Val Acc": 0.9985107068104975,
        "Test Acc": 0.9203924926653284,
        "Test ROC-AUC": 0.9769322617280574,
        "Test EER (%)": 7.953772943575799,
        "Training Time (s)": 1736.145324230194
    },
    "VIT": {
        "Highest Val Acc": 0.9969409112864273,
        "Test Acc": 0.8957985316619173,
        "Test ROC-AUC": 0.9591282627207953,
        "Test EER (%)": 10.414683888511217,
        "Training Time (s)": 256.7079916000366
    },
    "Resnet50": {
        "Highest Val Acc": 0.9998792464981484,
        "Test Acc": 0.9220489352443253,
        "Test ROC-AUC": 0.980819036866728,
        "Test EER (%)": 7.7906186267845,
        "Training Time (s)": 3995.494405269623
    },
    "DEIT_Hard": {
        "Highest Val Acc": 0.9958943809370472,
        "Test Acc": 0.9028594690961158,
        "Test ROC-AUC": 0.9626223791992761,
        "Test EER (%)": 9.7212780421482,
        "Training Time (s)": 199.9031925201416
    },
    "DEIT_Soft": {
        "Highest Val Acc": 0.9944855900821123,
        "Test Acc": 0.8882462765136095,
        "Test ROC-AUC": 0.9466140452152061,
        "Test EER (%)": 11.162474507138,
        "Training Time (s)": 1043.2581415176392
    }
}