{
    "CNNTRANSFORMER": {
        "timestamp": "2026-07-08 11:01:18",
        "Classification Report": {
            "bonafide": {
                "precision": 0.10324690820781336,
                "recall": 1.0,
                "f1-score": 0.18716917752442996,
                "support": 7355.0
            },
            "spoof": {
                "precision": 0.0,
                "recall": 0.0,
                "f1-score": 0.0,
                "support": 63882.0
            },
            "accuracy": 0.10324690820781336,
            "macro avg": {
                "precision": 0.05162345410390668,
                "recall": 0.5,
                "f1-score": 0.09358458876221498,
                "support": 71237.0
            },
            "weighted avg": {
                "precision": 0.010659924054472638,
                "recall": 0.10324690820781336,
                "f1-score": 0.019324638891196743,
                "support": 71237.0
            }
        },
        "Confusion Matrix": [
            [
                7355,
                63882
            ],
            [
                0,
                0
            ]
        ]
    }
}