{
    "CNNTRANSFORMER": {
        "timestamp": "2026-06-23 14:09:54",
        "Classification Report": {
            "bonafide": {
                "precision": 0.37205509242479157,
                "recall": 0.8373895309313393,
                "f1-score": 0.5152034798611401,
                "support": 7355.0
            },
            "spoof": {
                "precision": 0.9781284860011338,
                "recall": 0.8372781065088757,
                "f1-score": 0.9022392780331464,
                "support": 63882.0
            },
            "accuracy": 0.837289610735994,
            "macro avg": {
                "precision": 0.6750917892129626,
                "recall": 0.8373338187201075,
                "f1-score": 0.7087213789471433,
                "support": 71237.0
            },
            "weighted avg": {
                "precision": 0.9155532819673592,
                "recall": 0.837289610735994,
                "f1-score": 0.8622790285061435,
                "support": 71237.0
            }
        },
        "Confusion Matrix": [
            [
                6159,
                10395
            ],
            [
                1196,
                53487
            ]
        ]
    }
}