{
    "DEIT_Soft": {
        "timestamp": "2026-06-23 13:43:46",
        "Classification Report": {
            "bonafide": {
                "precision": 0.47482171445204485,
                "recall": 0.8871515975526852,
                "f1-score": 0.6185713608569939,
                "support": 7355.0
            },
            "spoof": {
                "precision": 0.9855639620836595,
                "recall": 0.8870260793337716,
                "f1-score": 0.9337024312678679,
                "support": 63882.0
            },
            "accuracy": 0.8870390387017982,
            "macro avg": {
                "precision": 0.7301928382678522,
                "recall": 0.8870888384432285,
                "f1-score": 0.7761368960624309,
                "support": 71237.0
            },
            "weighted avg": {
                "precision": 0.9328314041245859,
                "recall": 0.8870390387017982,
                "f1-score": 0.9011661225677264,
                "support": 71237.0
            }
        },
        "Confusion Matrix": [
            [
                6525,
                7217
            ],
            [
                830,
                56665
            ]
        ]
    }
}