{
    "Resnet18": {
        "timestamp": "2026-07-13 17:23:18",
        "Classification Report": {
            "bonafide": {
                "precision": 0.17685291185051147,
                "recall": 0.6511216859279402,
                "f1-score": 0.2781553116106174,
                "support": 7355.0
            },
            "spoof": {
                "precision": 0.9418904841704787,
                "recall": 0.6510754203061896,
                "f1-score": 0.7699370603480192,
                "support": 63882.0
            },
            "accuracy": 0.6510801970885916,
            "macro avg": {
                "precision": 0.5593716980104951,
                "recall": 0.6510985531170649,
                "f1-score": 0.5240461859793183,
                "support": 71237.0
            },
            "weighted avg": {
                "precision": 0.8629027201656307,
                "recall": 0.6510801970885916,
                "f1-score": 0.7191621152778508,
                "support": 71237.0
            }
        },
        "Confusion Matrix": [
            [
                4789,
                22290
            ],
            [
                2566,
                41592
            ]
        ]
    }
}