{
    "Resnet50": {
        "timestamp": "2026-06-23 14:23:23",
        "Classification Report": {
            "bonafide": {
                "precision": 0.5540284750226319,
                "recall": 0.9152957171991842,
                "f1-score": 0.6902491541064288,
                "support": 7355.0
            },
            "spoof": {
                "precision": 0.9894560471177606,
                "recall": 0.9151717228640306,
                "f1-score": 0.9508652657601978,
                "support": 63882.0
            },
            "accuracy": 0.9151845248957704,
            "macro avg": {
                "precision": 0.7717422610701963,
                "recall": 0.9152337200316074,
                "f1-score": 0.8205572099333134,
                "support": 71237.0
            },
            "weighted avg": {
                "precision": 0.9444994965505038,
                "recall": 0.9151845248957704,
                "f1-score": 0.9239574580028039,
                "support": 71237.0
            }
        },
        "Confusion Matrix": [
            [
                6732,
                5419
            ],
            [
                623,
                58463
            ]
        ]
    }
}