{
    "Resnet50": {
        "timestamp": "2026-07-13 12:15:58",
        "Classification Report": {
            "bonafide": {
                "precision": 0.3225934941358708,
                "recall": 0.9910265125764786,
                "f1-score": 0.4867445742904841,
                "support": 7355.0
            },
            "spoof": {
                "precision": 0.9986431478968792,
                "recall": 0.760401991171222,
                "f1-score": 0.8633891436493548,
                "support": 63882.0
            },
            "accuracy": 0.7842132599632213,
            "macro avg": {
                "precision": 0.660618321016375,
                "recall": 0.8757142518738503,
                "f1-score": 0.6750668589699195,
                "support": 71237.0
            },
            "weighted avg": {
                "precision": 0.9288431113510922,
                "recall": 0.7842132599632213,
                "f1-score": 0.8245017563697882,
                "support": 71237.0
            }
        },
        "Confusion Matrix": [
            [
                7289,
                15306
            ],
            [
                66,
                48576
            ]
        ]
    }
}