{
    "Resnet50": {
        "timestamp": "2026-07-07 17:57:02",
        "Classification Report": {
            "bonafide": {
                "precision": 0.5991753662601983,
                "recall": 0.9286199864038069,
                "f1-score": 0.7283779460381785,
                "support": 7355.0
            },
            "spoof": {
                "precision": 0.9912263110398075,
                "recall": 0.9284775054005823,
                "f1-score": 0.9588263821532492,
                "support": 63882.0
            },
            "accuracy": 0.9284922161236436,
            "macro avg": {
                "precision": 0.7952008386500029,
                "recall": 0.9285487459021946,
                "f1-score": 0.8436021640957139,
                "support": 71237.0
            },
            "weighted avg": {
                "precision": 0.9507482631313607,
                "recall": 0.9284922161236436,
                "f1-score": 0.9350332936230423,
                "support": 71237.0
            }
        },
        "Confusion Matrix": [
            [
                6830,
                4569
            ],
            [
                525,
                59313
            ]
        ]
    }
}