{
    "Resnet18": {
        "timestamp": "2026-07-14 14:10:25",
        "Classification Report": {
            "bonafide": {
                "precision": 0.4004340056165433,
                "recall": 0.853025152957172,
                "f1-score": 0.5450201971941102,
                "support": 7355.0
            },
            "spoof": {
                "precision": 0.9805467076967374,
                "recall": 0.8529476221783914,
                "f1-score": 0.9123071384919339,
                "support": 63882.0
            },
            "accuracy": 0.8529556269915914,
            "macro avg": {
                "precision": 0.6904903566566403,
                "recall": 0.8529863875677817,
                "f1-score": 0.7286636678430221,
                "support": 71237.0
            },
            "weighted avg": {
                "precision": 0.9206518647948769,
                "recall": 0.8529556269915914,
                "f1-score": 0.874385897377829,
                "support": 71237.0
            }
        },
        "Confusion Matrix": [
            [
                6274,
                9394
            ],
            [
                1081,
                54488
            ]
        ]
    }
}