{
    "Resnet18": {
        "timestamp": "2026-07-08 15:28:09",
        "Classification Report": {
            "bonafide": {
                "precision": 0.3658332836088072,
                "recall": 0.8335825968728756,
                "f1-score": 0.5085012855602554,
                "support": 7355.0
            },
            "spoof": {
                "precision": 0.9775322148390175,
                "recall": 0.8336307567076798,
                "f1-score": 0.8998648191956742,
                "support": 63882.0
            },
            "accuracy": 0.8336257843536364,
            "macro avg": {
                "precision": 0.6716827492239124,
                "recall": 0.8336066767902777,
                "f1-score": 0.7041830523779649,
                "support": 71237.0
            },
            "weighted avg": {
                "precision": 0.9143761914354744,
                "recall": 0.8336257843536364,
                "f1-score": 0.8594577443625326,
                "support": 71237.0
            }
        },
        "Confusion Matrix": [
            [
                6131,
                10628
            ],
            [
                1224,
                53254
            ]
        ]
    }
}