{
    "Resnet18": {
        "timestamp": "2026-06-23 14:29:03",
        "Classification Report": {
            "bonafide": {
                "precision": 0.5580759996688468,
                "recall": 0.916519374575119,
                "f1-score": 0.6937326335288669,
                "support": 7355.0
            },
            "spoof": {
                "precision": 0.9896210149092262,
                "recall": 0.9164396856704549,
                "f1-score": 0.9516254876462938,
                "support": 63882.0
            },
            "accuracy": 0.91644791330348,
            "macro avg": {
                "precision": 0.7738485072890364,
                "recall": 0.9164795301227869,
                "f1-score": 0.8226790605875804,
                "support": 71237.0
            },
            "weighted avg": {
                "precision": 0.9450653263331633,
                "recall": 0.91644791330348,
                "f1-score": 0.9249988478097808,
                "support": 71237.0
            }
        },
        "Confusion Matrix": [
            [
                6741,
                5338
            ],
            [
                614,
                58544
            ]
        ]
    }
}