{
    "SwinTransformer": {
        "timestamp": "2026-06-23 13:57:53",
        "Classification Report": {
            "bonafide": {
                "precision": 0.5946464382247798,
                "recall": 0.9272603670972128,
                "f1-score": 0.7246068848278793,
                "support": 7355.0
            },
            "spoof": {
                "precision": 0.9910487217239995,
                "recall": 0.9272251964559657,
                "f1-score": 0.9580752122927618,
                "support": 63882.0
            },
            "accuracy": 0.9272288277159342,
            "macro avg": {
                "precision": 0.7928475799743897,
                "recall": 0.9272427817765893,
                "f1-score": 0.8413410485603205,
                "support": 71237.0
            },
            "weighted avg": {
                "precision": 0.9501214115461879,
                "recall": 0.9272288277159342,
                "f1-score": 0.9339703293175634,
                "support": 71237.0
            }
        },
        "Confusion Matrix": [
            [
                6820,
                4649
            ],
            [
                535,
                59233
            ]
        ]
    }
}