{
    "SwinTransformer": {
        "timestamp": "2026-07-03 16:10:53",
        "Classification Report": {
            "bonafide": {
                "precision": 0.1366188596913402,
                "recall": 0.5789259007477906,
                "f1-score": 0.22106848034889154,
                "support": 7355.0
            },
            "spoof": {
                "precision": 0.9227102570501622,
                "recall": 0.5787702326163865,
                "f1-score": 0.7113475450207788,
                "support": 63882.0
            },
            "accuracy": 0.5787863048696604,
            "macro avg": {
                "precision": 0.5296645583707512,
                "recall": 0.5788480666820885,
                "f1-score": 0.46620801268483514,
                "support": 71237.0
            },
            "weighted avg": {
                "precision": 0.8415487507041042,
                "recall": 0.5787863048696604,
                "f1-score": 0.6607277474343879,
                "support": 71237.0
            }
        },
        "Confusion Matrix": [
            [
                4258,
                26909
            ],
            [
                3097,
                36973
            ]
        ]
    }
}