{
    "VIT": {
        "timestamp": "2026-07-08 11:48:26",
        "Classification Report": {
            "bonafide": {
                "precision": 0.5102449545524572,
                "recall": 0.9006118286879674,
                "f1-score": 0.6514235137925948,
                "support": 7355.0
            },
            "spoof": {
                "precision": 0.9874517208823277,
                "recall": 0.9004727466265928,
                "f1-score": 0.9419586202379295,
                "support": 63882.0
            },
            "accuracy": 0.9004871064194169,
            "macro avg": {
                "precision": 0.7488483377173925,
                "recall": 0.9005422876572802,
                "f1-score": 0.7966910670152622,
                "support": 71237.0
            },
            "weighted avg": {
                "precision": 0.9381815976829202,
                "recall": 0.9004871064194169,
                "f1-score": 0.9119617687716208,
                "support": 71237.0
            }
        },
        "Confusion Matrix": [
            [
                6624,
                6358
            ],
            [
                731,
                57524
            ]
        ]
    }
}