{
    "VIT": {
        "timestamp": "2026-07-13 17:26:12",
        "Classification Report": {
            "bonafide": {
                "precision": 0.4568886378080644,
                "recall": 0.8796736913664174,
                "f1-score": 0.601412902026399,
                "support": 7355.0
            },
            "spoof": {
                "precision": 0.9844943583993272,
                "recall": 0.8796061488369181,
                "f1-score": 0.9290993568015344,
                "support": 63882.0
            },
            "accuracy": 0.8796131223942614,
            "macro avg": {
                "precision": 0.7206914981036958,
                "recall": 0.8796399201016678,
                "f1-score": 0.7652561294139667,
                "support": 71237.0
            },
            "weighted avg": {
                "precision": 0.9300206989955239,
                "recall": 0.8796131223942614,
                "f1-score": 0.8952667434844223,
                "support": 71237.0
            }
        },
        "Confusion Matrix": [
            [
                6470,
                7691
            ],
            [
                885,
                56191
            ]
        ]
    }
}