{
    "VIT": {
        "timestamp": "2026-06-23 13:34:27",
        "Classification Report": {
            "bonafide": {
                "precision": 0.491770163100404,
                "recall": 0.8936777702243371,
                "f1-score": 0.634428840306935,
                "support": 7355.0
            },
            "spoof": {
                "precision": 0.9864871870194052,
                "recall": 0.8936633167402398,
                "f1-score": 0.9377838739086511,
                "support": 63882.0
            },
            "accuracy": 0.8936648090177857,
            "macro avg": {
                "precision": 0.7391286750599046,
                "recall": 0.8936705434822885,
                "f1-score": 0.7861063571077931,
                "support": 71237.0
            },
            "weighted avg": {
                "precision": 0.9354091838619976,
                "recall": 0.8936648090177857,
                "f1-score": 0.9064634045999966,
                "support": 71237.0
            }
        },
        "Confusion Matrix": [
            [
                6573,
                6793
            ],
            [
                782,
                57089
            ]
        ]
    }
}