{
    "VIT": {
        "timestamp": "2026-07-14 12:19:38",
        "Classification Report": {
            "bonafide": {
                "precision": 0.4548589121103371,
                "recall": 0.8788579197824609,
                "f1-score": 0.5994621162941668,
                "support": 7355.0
            },
            "spoof": {
                "precision": 0.9843755479956511,
                "recall": 0.8787295325756864,
                "f1-score": 0.9285572501406028,
                "support": 63882.0
            },
            "accuracy": 0.8787427881578393,
            "macro avg": {
                "precision": 0.719617230052994,
                "recall": 0.8787937261790737,
                "f1-score": 0.7640096832173848,
                "support": 71237.0
            },
            "weighted avg": {
                "precision": 0.9297045924958899,
                "recall": 0.8787427881578393,
                "f1-score": 0.8945791950647217,
                "support": 71237.0
            }
        },
        "Confusion Matrix": [
            [
                6464,
                7747
            ],
            [
                891,
                56135
            ]
        ]
    }
}