{
    "VIT": {
        "timestamp": "2026-07-03 16:13:30",
        "Classification Report": {
            "bonafide": {
                "precision": 0.5387896346370513,
                "recall": 0.9102651257647859,
                "f1-score": 0.6769121884636773,
                "support": 7355.0
            },
            "spoof": {
                "precision": 0.9887776096308514,
                "recall": 0.9102877179800257,
                "f1-score": 0.9479106387487469,
                "support": 63882.0
            },
            "accuracy": 0.9102853854036526,
            "macro avg": {
                "precision": 0.7637836221339513,
                "recall": 0.9102764218724058,
                "f1-score": 0.8124114136062122,
                "support": 71237.0
            },
            "weighted avg": {
                "precision": 0.9423177424820468,
                "recall": 0.9102853854036526,
                "f1-score": 0.9199308866277047,
                "support": 71237.0
            }
        },
        "Confusion Matrix": [
            [
                6695,
                5731
            ],
            [
                660,
                58151
            ]
        ]
    }
}