{
    "Resnet50": {
        "timestamp": "2026-05-29 18:06:04",
        "model_name": "Resnet50",
        "summary_metrics": {
            "Highest Val Acc": 0.9998389953308646,
            "Default Test Acc": 0.8081474514648287,
            "Test ROC-AUC": 0.8887219512539808,
            "Test EER (%)": 17.104010876954455,
            "Optimal Threshold": 0.33975961804389954
        },
        "Classification Report": {
            "bonafide": {
                "precision": 0.35830542335037313,
                "recall": 0.8290958531611149,
                "f1-score": 0.5003692459177812,
                "support": 7355.0
            },
            "spoof": {
                "precision": 0.9768158176251429,
                "recall": 0.8290441751980213,
                "f1-score": 0.8968839966130397,
                "support": 63882.0
            },
            "accuracy": 0.8290495107879332,
            "macro avg": {
                "precision": 0.667560620487758,
                "recall": 0.8290700141795682,
                "f1-score": 0.6986266212654104,
                "support": 71237.0
            },
            "weighted avg": {
                "precision": 0.9129565317218773,
                "recall": 0.8290495107879332,
                "f1-score": 0.8559450745449624,
                "support": 71237.0
            }
        },
        "Confusion Matrix": [
            [
                6245,
                12557
            ],
            [
                1110,
                51325
            ]
        ]
    }
}